{
  "name": "client",
  "version": "0.0.0",
  "lockfileVersion": 3,
  "requires": true,
  "packages": {
    "": {
      "name": "client",
      "version": "0.0.0",
      "dependencies": {
        "vue-router": "^4.2.5"
      },
      "devDependencies": {
        "@rushstack/eslint-patch": "^1.3.3",
        "@tsconfig/node18": "^18.2.2",
        "@types/node": "^18.18.5",
        "@vitejs/plugin-vue": "^4.4.0",
        "@vue/eslint-config-prettier": "^8.0.0",
        "@vue/eslint-config-typescript": "^12.0.0",
        "@vue/tsconfig": "^0.4.0",
        "eslint": "^8.49.0",
        "eslint-plugin-vue": "^9.17.0",
        "npm-run-all2": "^6.1.1",
        "prettier": "^3.0.3",
        "typescript": "~5.2.0",
        "vite": "^4.4.11",
        "vue-tsc": "^1.8.19"
      }
    },
    "node_modules/@aashutoshrathi/word-wrap": {
      "version": "1.2.6",
      "resolved": "https://registry.npmjs.org/@aashutoshrathi/word-wrap/-/word-wrap-1.2.6.tgz",
      "integrity": "sha512-1Yjs2SvM8TflER/OD3cOjhWWOZb58A2t7wpE2S9XfBYTiIl+XFhQG2bjy4Pu1I+EAlCNUzRDYDdFwFYUKvXcIA==",
      "dev": true,
      "engines": {
        "node": ">=0.10.0"
      }
    },
    "node_modules/@babel/code-frame": {
      "version": "7.22.13",
      "resolved": "https://registry.npmjs.org/@babel/code-frame/-/code-frame-7.22.13.tgz",
      "integrity": "sha512-XktuhWlJ5g+3TJXc5upd9Ks1HutSArik6jf2eAjYFyIOf4ej3RN+184cZbzDvbPnuTJIUhPKKJE3cIsYTiAT3w==",
      "dev": true,
      "dependencies": {
        "@babel/highlight": "^7.22.13",
        "chalk": "^2.4.2"
      },
      "engines": {
        "node": ">=6.9.0"
      }
    },
    "node_modules/@babel/code-frame/node_modules/ansi-styles": {
      "version": "3.2.1",
      "resolved": "https://registry.npmjs.org/ansi-styles/-/ansi-styles-3.2.1.tgz",
      "integrity": "sha512-VT0ZI6kZRdTh8YyJw3SMbYm/u+NqfsAxEpWO0Pf9sq8/e94WxxOpPKx9FR1FlyCtOVDNOQ+8ntlqFxiRc+r5qA==",
      "dev": true,
      "dependencies": {
        "color-convert": "^1.9.0"
      },
      "engines": {
        "node": ">=4"
      }
    },
    "node_modules/@babel/code-frame/node_modules/chalk": {
      "version": "2.4.2",
      "resolved": "https://registry.npmjs.org/chalk/-/chalk-2.4.2.tgz",
      "integrity": "sha512-Mti+f9lpJNcwF4tWV8/OrTTtF1gZi+f8FqlyAdouralcFWFQWF2+NgCHShjkCb+IFBLq9buZwE1xckQU4peSuQ==",
      "dev": true,
      "dependencies": {
        "ansi-styles": "^3.2.1",
        "escape-string-regexp": "^1.0.5",
        "supports-color": "^5.3.0"
      },
      "engines": {
        "node": ">=4"
      }
    },
    "node_modules/@babel/code-frame/node_modules/color-convert": {
      "version": "1.9.3",
      "resolved": "https://registry.npmjs.org/color-convert/-/color-convert-1.9.3.tgz",
      "integrity": "sha512-QfAUtd+vFdAtFQcC8CCyYt1fYWxSqAiK2cSD6zDB8N3cpsEBAvRxp9zOGg6G/SHHJYAT88/az/IuDGALsNVbGg==",
      "dev": true,
      "dependencies": {
        "color-name": "1.1.3"
      }
    },
    "node_modules/@babel/code-frame/node_modules/color-name": {
      "version": "1.1.3",
      "resolved": "https://registry.npmjs.org/color-name/-/color-name-1.1.3.tgz",
      "integrity": "sha512-72fSenhMw2HZMTVHeCA9KCmpEIbzWiQsjN+BHcBbS9vr1mtt+vJjPdksIBNUmKAW8TFUDPJK5SUU3QhE9NEXDw==",
      "dev": true
    },
    "node_modules/@babel/code-frame/node_modules/escape-string-regexp": {
      "version": "1.0.5",
      "resolved": "https://registry.npmjs.org/escape-string-regexp/-/escape-string-regexp-1.0.5.tgz",
      "integrity": "sha512-vbRorB5FUQWvla16U8R/qgaFIya2qGzwDrNmCZuYKrbdSUMG6I1ZCGQRefkRVhuOkIGVne7BQ35DSfo1qvJqFg==",
      "dev": true,
      "engines": {
        "node": ">=0.8.0"
      }
    },
    "node_modules/@babel/code-frame/node_modules/has-flag": {
      "version": "3.0.0",
      "resolved": "https://registry.npmjs.org/has-flag/-/has-flag-3.0.0.tgz",
      "integrity": "sha512-sKJf1+ceQBr4SMkvQnBDNDtf4TXpVhVGateu0t918bl30FnbE2m4vNLX+VWe/dpjlb+HugGYzW7uQXH98HPEYw==",
      "dev": true,
      "engines": {
        "node": ">=4"
      }
    },
    "node_modules/@babel/code-frame/node_modules/supports-color": {
      "version": "5.5.0",
      "resolved": "https://registry.npmjs.org/supports-color/-/supports-color-5.5.0.tgz",
      "integrity": "sha512-QjVjwdXIt408MIiAqCX4oUKsgU2EqAGzs2Ppkm4aQYbjm+ZEWEcW4SfFNTr4uMNZma0ey4f5lgLrkB0aX0QMow==",
      "dev": true,
      "dependencies": {
        "has-flag": "^3.0.0"
      },
      "engines": {
        "node": ">=4"
      }
    },
    "node_modules/@babel/helper-validator-identifier": {
      "version": "7.22.20",
      "resolved": "https://registry.npmjs.org/@babel/helper-validator-identifier/-/helper-validator-identifier-7.22.20.tgz",
      "integrity": "sha512-Y4OZ+ytlatR8AI+8KZfKuL5urKp7qey08ha31L8b3BwewJAoJamTzyvxPR/5D+KkdJCGPq/+8TukHBlY10FX9A==",
      "dev": true,
      "engines": {
        "node": ">=6.9.0"
      }
    },
    "node_modules/@babel/highlight": {
      "version": "7.22.20",
      "resolved": "https://registry.npmjs.org/@babel/highlight/-/highlight-7.22.20.tgz",
      "integrity": "sha512-dkdMCN3py0+ksCgYmGG8jKeGA/8Tk+gJwSYYlFGxG5lmhfKNoAy004YpLxpS1W2J8m/EK2Ew+yOs9pVRwO89mg==",
      "dev": true,
      "dependencies": {
        "@babel/helper-validator-identifier": "^7.22.20",
        "chalk": "^2.4.2",
        "js-tokens": "^4.0.0"
      },
      "engines": {
        "node": ">=6.9.0"
      }
    },
    "node_modules/@babel/highlight/node_modules/ansi-styles": {
      "version": "3.2.1",
      "resolved": "https://registry.npmjs.org/ansi-styles/-/ansi-styles-3.2.1.tgz",
      "integrity": "sha512-VT0ZI6kZRdTh8YyJw3SMbYm/u+NqfsAxEpWO0Pf9sq8/e94WxxOpPKx9FR1FlyCtOVDNOQ+8ntlqFxiRc+r5qA==",
      "dev": true,
      "dependencies": {
        "color-convert": "^1.9.0"
      },
      "engines": {
        "node": ">=4"
      }
    },
    "node_modules/@babel/highlight/node_modules/chalk": {
      "version": "2.4.2",
      "resolved": "https://registry.npmjs.org/chalk/-/chalk-2.4.2.tgz",
      "integrity": "sha512-Mti+f9lpJNcwF4tWV8/OrTTtF1gZi+f8FqlyAdouralcFWFQWF2+NgCHShjkCb+IFBLq9buZwE1xckQU4peSuQ==",
      "dev": true,
      "dependencies": {
        "ansi-styles": "^3.2.1",
        "escape-string-regexp": "^1.0.5",
        "supports-color": "^5.3.0"
      },
      "engines": {
        "node": ">=4"
      }
    },
    "node_modules/@babel/highlight/node_modules/color-convert": {
      "version": "1.9.3",
      "resolved": "https://registry.npmjs.org/color-convert/-/color-convert-1.9.3.tgz",
      "integrity": "sha512-QfAUtd+vFdAtFQcC8CCyYt1fYWxSqAiK2cSD6zDB8N3cpsEBAvRxp9zOGg6G/SHHJYAT88/az/IuDGALsNVbGg==",
      "dev": true,
      "dependencies": {
        "color-name": "1.1.3"
      }
    },
    "node_modules/@babel/highlight/node_modules/color-name": {
      "version": "1.1.3",
      "resolved": "https://registry.npmjs.org/color-name/-/color-name-1.1.3.tgz",
      "integrity": "sha512-72fSenhMw2HZMTVHeCA9KCmpEIbzWiQsjN+BHcBbS9vr1mtt+vJjPdksIBNUmKAW8TFUDPJK5SUU3QhE9NEXDw==",
      "dev": true
    },
    "node_modules/@babel/highlight/node_modules/escape-string-regexp": {
      "version": "1.0.5",
      "resolved": "https://registry.npmjs.org/escape-string-regexp/-/escape-string-regexp-1.0.5.tgz",
      "integrity": "sha512-vbRorB5FUQWvla16U8R/qgaFIya2qGzwDrNmCZuYKrbdSUMG6I1ZCGQRefkRVhuOkIGVne7BQ35DSfo1qvJqFg==",
      "dev": true,
      "engines": {
        "node": ">=0.8.0"
      }
	       "funding": {
        "url": "https://github.com/sponsors/sindresorhus"
      }
    }
  }
}