{
  "name": "client",
  "version": "0.0.0",
  "private": true,
  "scripts": {
    "dev": "vite",
    "build": "run-p type-check \"build-only {@}\" --",
    "preview": "vite preview",
    "build-only": "vite build",
    "type-check": "vue-tsc --noEmit -p tsconfig.app.json --composite false",
    "lint": "eslint . --ext .vue,.js,.jsx,.cjs,.mjs,.ts,.tsx,.cts,.mts --fix --ignore-path .gitignore",
    "format": "prettier --write src/"
  },
  "dependencies": {
    "vue-router": "^4.2.5"
  },
  "devDependencies": {
    "@rushstack/eslint-patch": "^1.3.3",
    "@tsconfig/node18": "^18.2.2",
    "@types/node": "^18.18.5",
    "@vitejs/plugin-vue": "^4.4.0",
    "@vue/eslint-config-prettier": "^8.0.0",
    "@vue/eslint-config-typescript": "^12.0.0",
    "@vue/tsconfig": "^0.4.0",
    "eslint": "^8.49.0",
    "eslint-plugin-vue": "^9.17.0",
    "npm-run-all2": "^6.1.1",
    "prettier": "^3.0.3",
    "typescript": "~5.2.0",
    "vite": "^4.4.11",
    "vue-tsc": "^1.8.19"
  }
}